-- CoopLink - Green Orchestrator demo verisi
-- Supabase SQL Editor'da schema.sql çalıştırıldıktan sonra bu dosyayı çalıştırın.

INSERT INTO cooperatives (id, name, region, contact_phone, green_score, latitude, longitude)
VALUES
  ('00000000-0000-0000-0000-000000000101', 'Ege Tarım Kooperatifi', 'İzmir', '+905321110001', 285, 38.4237, 27.1428),
  ('00000000-0000-0000-0000-000000000102', 'Akdeniz Üreticileri', 'Antalya', '+905321110002', 220, 36.8969, 30.7133),
  ('00000000-0000-0000-0000-000000000103', 'İç Anadolu Tarım', 'Konya', '+905321110003', 165, 37.8746, 32.4932),
  ('00000000-0000-0000-0000-000000000104', 'Karadeniz Fındık Kooperatifi', 'Trabzon', '+905321110004', 132, 41.0027, 39.7168),
  ('00000000-0000-0000-0000-000000000105', 'Trakya Tahıl Birliği', 'Edirne', '+905321110005', 188, 41.6771, 26.5557)
ON CONFLICT (id) DO UPDATE SET
  name = EXCLUDED.name,
  region = EXCLUDED.region,
  contact_phone = EXCLUDED.contact_phone,
  green_score = EXCLUDED.green_score,
  latitude = EXCLUDED.latitude,
  longitude = EXCLUDED.longitude;

INSERT INTO products (id, name, category, spoilage_rate_days)
VALUES
  ('00000000-0000-0000-0000-000000000201', 'domates', 'sebze', 5),
  ('00000000-0000-0000-0000-000000000202', 'biber', 'sebze', 6),
  ('00000000-0000-0000-0000-000000000203', 'elma', 'meyve', 25),
  ('00000000-0000-0000-0000-000000000204', 'armut', 'meyve', 18),
  ('00000000-0000-0000-0000-000000000205', 'süt', 'süt ürünü', 4),
  ('00000000-0000-0000-0000-000000000206', 'yoğurt', 'süt ürünü', 10),
  ('00000000-0000-0000-0000-000000000207', 'peynir', 'süt ürünü', 30),
  ('00000000-0000-0000-0000-000000000208', 'buğday', 'tahıl', 180),
  ('00000000-0000-0000-0000-000000000209', 'mısır', 'tahıl', 120),
  ('00000000-0000-0000-0000-000000000210', 'fındık', 'tahıl', 240),
  ('00000000-0000-0000-0000-000000000211', 'zeytin', 'meyve', 90),
  ('00000000-0000-0000-0000-000000000212', 'üzüm', 'meyve', 7),
  ('00000000-0000-0000-0000-000000000213', 'portakal', 'meyve', 21),
  ('00000000-0000-0000-0000-000000000214', 'limon', 'meyve', 30),
  ('00000000-0000-0000-0000-000000000215', 'patates', 'sebze', 60),
  ('00000000-0000-0000-0000-000000000216', 'soğan', 'sebze', 75),
  ('00000000-0000-0000-0000-000000000217', 'sarımsak', 'sebze', 120),
  ('00000000-0000-0000-0000-000000000218', 'bal', 'tahıl', 365),
  ('00000000-0000-0000-0000-000000000219', 'yumurta', 'süt ürünü', 20),
  ('00000000-0000-0000-0000-000000000220', 'zeytinyağı', 'tahıl', 365)
ON CONFLICT (id) DO UPDATE SET
  name = EXCLUDED.name,
  category = EXCLUDED.category,
  spoilage_rate_days = EXCLUDED.spoilage_rate_days;

INSERT INTO inventory (id, cooperative_id, product_id, quantity_kg, expires_at, risk_score)
VALUES
  ('20000000-0000-0000-0000-000000000001', '00000000-0000-0000-0000-000000000101', '00000000-0000-0000-0000-000000000201', 80, NOW() + INTERVAL '1 day', 1.00),
  ('20000000-0000-0000-0000-000000000002', '00000000-0000-0000-0000-000000000101', '00000000-0000-0000-0000-000000000203', 140, NOW() + INTERVAL '18 days', 0.31),
  ('20000000-0000-0000-0000-000000000003', '00000000-0000-0000-0000-000000000101', '00000000-0000-0000-0000-000000000205', 35, NOW() + INTERVAL '2 days', 1.00),
  ('20000000-0000-0000-0000-000000000004', '00000000-0000-0000-0000-000000000101', '00000000-0000-0000-0000-000000000211', 160, NOW() + INTERVAL '35 days', 0.05),
  ('20000000-0000-0000-0000-000000000005', '00000000-0000-0000-0000-000000000101', '00000000-0000-0000-0000-000000000214', 90, NOW() + INTERVAL '12 days', 0.25),
  ('20000000-0000-0000-0000-000000000006', '00000000-0000-0000-0000-000000000102', '00000000-0000-0000-0000-000000000202', 55, NOW() + INTERVAL '3 days', 1.00),
  ('20000000-0000-0000-0000-000000000007', '00000000-0000-0000-0000-000000000102', '00000000-0000-0000-0000-000000000206', 65, NOW() + INTERVAL '2 days', 1.00),
  ('20000000-0000-0000-0000-000000000008', '00000000-0000-0000-0000-000000000102', '00000000-0000-0000-0000-000000000212', 45, NOW() + INTERVAL '1 day', 1.00),
  ('20000000-0000-0000-0000-000000000009', '00000000-0000-0000-0000-000000000102', '00000000-0000-0000-0000-000000000213', 130, NOW() + INTERVAL '16 days', 0.39),
  ('20000000-0000-0000-0000-000000000010', '00000000-0000-0000-0000-000000000102', '00000000-0000-0000-0000-000000000220', 220, NOW() + INTERVAL '180 days', 0.00),
  ('20000000-0000-0000-0000-000000000011', '00000000-0000-0000-0000-000000000103', '00000000-0000-0000-0000-000000000208', 600, NOW() + INTERVAL '120 days', 0.03),
  ('20000000-0000-0000-0000-000000000012', '00000000-0000-0000-0000-000000000103', '00000000-0000-0000-0000-000000000209', 420, NOW() + INTERVAL '75 days', 0.05),
  ('20000000-0000-0000-0000-000000000013', '00000000-0000-0000-0000-000000000103', '00000000-0000-0000-0000-000000000215', 260, NOW() + INTERVAL '28 days', 0.15),
  ('20000000-0000-0000-0000-000000000014', '00000000-0000-0000-0000-000000000103', '00000000-0000-0000-0000-000000000219', 95, NOW() + INTERVAL '4 days', 1.00),
  ('20000000-0000-0000-0000-000000000015', '00000000-0000-0000-0000-000000000103', '00000000-0000-0000-0000-000000000216', 180, NOW() + INTERVAL '45 days', 0.05),
  ('20000000-0000-0000-0000-000000000016', '00000000-0000-0000-0000-000000000104', '00000000-0000-0000-0000-000000000210', 500, NOW() + INTERVAL '160 days', 0.01),
  ('20000000-0000-0000-0000-000000000017', '00000000-0000-0000-0000-000000000104', '00000000-0000-0000-0000-000000000204', 70, NOW() + INTERVAL '3 days', 1.00),
  ('20000000-0000-0000-0000-000000000018', '00000000-0000-0000-0000-000000000104', '00000000-0000-0000-0000-000000000207', 48, NOW() + INTERVAL '9 days', 0.18),
  ('20000000-0000-0000-0000-000000000019', '00000000-0000-0000-0000-000000000104', '00000000-0000-0000-0000-000000000217', 120, NOW() + INTERVAL '70 days', 0.01),
  ('20000000-0000-0000-0000-000000000020', '00000000-0000-0000-0000-000000000104', '00000000-0000-0000-0000-000000000218', 75, NOW() + INTERVAL '300 days', 0.00),
  ('20000000-0000-0000-0000-000000000021', '00000000-0000-0000-0000-000000000105', '00000000-0000-0000-0000-000000000208', 720, NOW() + INTERVAL '130 days', 0.03),
  ('20000000-0000-0000-0000-000000000022', '00000000-0000-0000-0000-000000000105', '00000000-0000-0000-0000-000000000209', 350, NOW() + INTERVAL '80 days', 0.04),
  ('20000000-0000-0000-0000-000000000023', '00000000-0000-0000-0000-000000000105', '00000000-0000-0000-0000-000000000216', 210, NOW() + INTERVAL '50 days', 0.06),
  ('20000000-0000-0000-0000-000000000024', '00000000-0000-0000-0000-000000000105', '00000000-0000-0000-0000-000000000213', 85, NOW() + INTERVAL '5 days', 0.81),
  ('20000000-0000-0000-0000-000000000025', '00000000-0000-0000-0000-000000000105', '00000000-0000-0000-0000-000000000214', 95, NOW() + INTERVAL '20 days', 0.16)
ON CONFLICT (id) DO UPDATE SET
  quantity_kg = EXCLUDED.quantity_kg,
  expires_at = EXCLUDED.expires_at,
  risk_score = EXCLUDED.risk_score,
  updated_at = NOW();

INSERT INTO swaps (id, from_cooperative_id, to_cooperative_id, product_id, quantity_kg, match_score, status, carbon_saved_kg, created_at, resolved_at)
VALUES
  ('10000000-0000-0000-0000-000000000001', '00000000-0000-0000-0000-000000000101', '00000000-0000-0000-0000-000000000102', '00000000-0000-0000-0000-000000000201', 80, 0.87, 'pending', 2.10, NOW() - INTERVAL '4 hours', NULL),
  ('10000000-0000-0000-0000-000000000002', '00000000-0000-0000-0000-000000000102', '00000000-0000-0000-0000-000000000103', '00000000-0000-0000-0000-000000000206', 50, 0.82, 'pending', 1.80, NOW() - INTERVAL '2 hours', NULL),
  ('10000000-0000-0000-0000-000000000003', '00000000-0000-0000-0000-000000000103', '00000000-0000-0000-0000-000000000105', '00000000-0000-0000-0000-000000000208', 120, 0.74, 'approved', 4.20, NOW() - INTERVAL '3 days', NOW() - INTERVAL '2 days'),
  ('10000000-0000-0000-0000-000000000004', '00000000-0000-0000-0000-000000000104', '00000000-0000-0000-0000-000000000101', '00000000-0000-0000-0000-000000000204', 60, 0.79, 'approved', 2.70, NOW() - INTERVAL '5 days', NOW() - INTERVAL '4 days'),
  ('10000000-0000-0000-0000-000000000005', '00000000-0000-0000-0000-000000000105', '00000000-0000-0000-0000-000000000102', '00000000-0000-0000-0000-000000000213', 40, 0.58, 'rejected', 0.90, NOW() - INTERVAL '6 days', NOW() - INTERVAL '6 days')
ON CONFLICT (id) DO UPDATE SET
  status = EXCLUDED.status,
  match_score = EXCLUDED.match_score,
  carbon_saved_kg = EXCLUDED.carbon_saved_kg,
  resolved_at = EXCLUDED.resolved_at;

INSERT INTO carbon_log (id, cooperative_id, event_type, kg_saved, points_earned, created_at)
VALUES
  ('30000000-0000-0000-0000-000000000001', '00000000-0000-0000-0000-000000000103', 'swap', 4.20, 66, NOW() - INTERVAL '2 days'),
  ('30000000-0000-0000-0000-000000000002', '00000000-0000-0000-0000-000000000104', 'swap', 2.70, 39, NOW() - INTERVAL '4 days'),
  ('30000000-0000-0000-0000-000000000003', '00000000-0000-0000-0000-000000000101', 'route_optimization', 1.40, 14, NOW() - INTERVAL '1 day'),
  ('30000000-0000-0000-0000-000000000004', '00000000-0000-0000-0000-000000000102', 'route_optimization', 1.10, 11, NOW() - INTERVAL '12 hours')
ON CONFLICT (id) DO UPDATE SET
  kg_saved = EXCLUDED.kg_saved,
  points_earned = EXCLUDED.points_earned,
  created_at = EXCLUDED.created_at;

INSERT INTO ai_logs (id, channel_id, user_message, detected_intent, selected_tool, model_name, used_gemini, fallback_used, prompt, gemini_response, final_response, metadata, created_at)
VALUES
  (
    '40000000-0000-0000-0000-000000000001',
    'admin-panel',
    '10 kg elma var mı?',
    'query_stock',
    'query_stock',
    'local-intent-fallback',
    FALSE,
    TRUE,
    'Mesaj için intent seç: query_stock, propose_swap, track_delivery. Sadece intent yaz.',
    NULL,
    'Ağda 1 uygun stok kaydı bulundu.',
    '{"product":"elma","quantity_kg":10}'::jsonb,
    NOW() - INTERVAL '18 minutes'
  ),
  (
    '40000000-0000-0000-0000-000000000002',
    'admin-panel',
    'Elimde 80 kg domates kaldı',
    'propose_swap',
    'propose_swap',
    'gemini-2.0-flash',
    TRUE,
    FALSE,
    'Mesaj için intent seç: query_stock, propose_swap, track_delivery. Sadece intent yaz.',
    'propose_swap',
    'Takas önerisi oluşturuldu.',
    '{"product":"domates","quantity_kg":80}'::jsonb,
    NOW() - INTERVAL '7 minutes'
  )
ON CONFLICT (id) DO UPDATE SET
  user_message = EXCLUDED.user_message,
  detected_intent = EXCLUDED.detected_intent,
  selected_tool = EXCLUDED.selected_tool,
  model_name = EXCLUDED.model_name,
  used_gemini = EXCLUDED.used_gemini,
  fallback_used = EXCLUDED.fallback_used,
  prompt = EXCLUDED.prompt,
  gemini_response = EXCLUDED.gemini_response,
  final_response = EXCLUDED.final_response,
  metadata = EXCLUDED.metadata,
  created_at = EXCLUDED.created_at;
